Customer ID,Customer Country,Gender,Age,Category
1,France,M,31,A
2,Spain,M,49,A
3,USA,M,39,A
4,Australia,M,,A
5,Denmark,M,81,A
6,USA,F,62,A
7,Singapore,M,76,A
8,France,F,70,A
9,France,F,75,A
10,Norway,F,32,A
11,USA,F,82,A
12,Spain,F,65,A
13,Spain,F,84,A
14,Australia,M,64,A
15,Germany,F,48,A
16,Norway,F,81,A
17,USA,M,63,A
18,USA,F,85,A
19,USA,F,35,A
20,USA,F,38,A
21,Spain,F,68,A
22,Spain,F,78,A
23,Spain,F,62,A
24,Spain,F,47,A
25,USA,M,59,A
26,France,M,27,A
27,USA,F,66,A
28,Singapore,M,77,A
29,Spain,F,19,A
30,France,F,72,A
31,USA,M,22,A
32,Spain,F,55,A
33,Spain,M,53,A
34,Australia,F,20,A
35,Australia,M,19,A
36,USA,M,63,A
37,Spain,M,35,A
38,Austria,M,53,A
39,USA,F,46,A
40,Australia,F,37,A
41,Australia,F,42,A
42,Spain,F,43,A
43,Singapore,F,55,A
44,Singapore,M,90,A
45,USA,M,89,A
46,Finland,F,66,A
47,Spain,M,25,A
48,USA,F,66,A
49,France,F,30,A
50,Norway,F,83,A
51,USA,F,63,A
52,USA,F,75,A
53,Italy,M,62,A
54,India,F,52,A
55,Denmark,F,32,A
56,Australia,F,32,A
57,India,M,79,A
58,Germany,M,29,A
59,Australia,F,70,A
60,USA,M,60,A
61,Spain,F,47,A
62,USA,F,42,A
63,Norway,M,23,A
64,USA,M,74,A
65,Spain,F,37,A
66,Australia,M,30,A
67,Italy,M,51,A
68,Finland,F,42,A
69,USA,M,39,A
70,Spain,M,38,A
71,India,M,48,A
72,Spain,F,18,A
73,Germany,F,34,A
74,USA,F,28,A
75,Australia,F,36,A
76,USA,M,56,A
77,USA,M,38,A
78,Australia,M,68,A
79,India,F,28,A
80,USA,M,37,A
81,USA,M,86,A
82,Spain,F,28,A
83,Italy,F,31,A
84,USA,M,85,A
85,Italy,M,20,A
86,Italy,F,89,A
87,India,M,62,A
88,USA,M,76,A
89,Italy,M,33,A
90,USA,F,48,A
91,Spain,M,61,A
92,Denmark,M,75,A
93,Spain,M,87,A
94,Denmark,M,65,A
95,India,M,50,A
96,USA,M,43,A
97,USA,F,84,A
98,Denmark,M,35,A
99,Australia,F,79,A
100,Ireland,M,85,A
101,USA,F,63,A
102,USA,F,43,A
103,India,M,24,A
104,Australia,M,46,A
105,USA,M,80,A
106,Australia,F,40,A
107,USA,M,48,A
108,Spain,M,63,A
109,USA,F,32,A
110,USA,M,78,A
111,India,F,27,A
112,USA,M,70,A
113,USA,F,72,A
114,USA,M,38,A
115,USA,F,64,A
116,Denmark,M,88,A
117,India,F,28,A
118,USA,F,25,A
119,Australia,F,90,A
120,USA,M,77,A
121,India,F,25,A
122,Spain,M,41,A
123,Finland,F,69,A
124,India,F,52,A
125,Spain,F,58,A
126,USA,F,67,A
127,Denmark,F,57,A
128,USA,F,55,A
129,USA,F,21,A
130,USA,F,50,A
131,Italy,F,90,A
132,Spain,F,50,A
133,Denmark,F,71,A
134,Australia,M,82,A
135,Spain,F,27,A
136,USA,F,36,A
137,India,M,25,A
138,USA,F,27,A
139,USA,F,75,A
140,USA,M,58,A
141,USA,M,38,A
142,India,M,77,A
143,USA,M,46,A
144,Denmark,M,27,A
145,Italy,M,18,A
146,Norway,M,85,A
147,USA,F,29,A
148,Spain,F,33,A
149,Denmark,F,73,A
150,USA,F,31,A
151,Germany,M,76,A
152,Italy,F,26,A
153,USA,M,19,A
154,Italy,M,37,A
155,India,M,56,A
156,France,F,32,A
157,Australia,F,50,A
158,USA,F,41,A
159,USA,M,25,A
160,USA,M,48,A
161,France,F,68,A
162,USA,F,63,A
163,USA,F,81,A
164,USA,M,36,A
165,Switzerland,M,32,A
166,France,M,27,A
167,Australia,F,27,A
168,France,F,55,A
169,France,F,42,A
170,Italy,M,83,A
171,USA,M,31,A
172,USA,M,36,A
173,India,M,59,A
174,Italy,M,68,A
175,USA,M,70,A
176,France,M,46,A
177,India,M,75,A
178,India,F,24,A
179,France,F,27,A
180,USA,F,81,A
181,Austria,F,28,A
182,Australia,M,77,A
183,India,M,66,A
184,Singapore,M,79,A
185,Austria,M,86,A
186,Singapore,F,63,A
187,France,F,68,A
188,India,F,72,A
189,USA,F,59,A
190,France,M,71,A
191,Germany,F,23,A
192,USA,F,66,A
193,India,F,84,A
194,India,F,64,A
195,USA,F,51,A
196,USA,M,77,A
197,USA,M,38,A
198,USA,M,30,A
199,Australia,F,67,A
200,Italy,M,27,A
201,Australia,F,50,A
202,USA,M,86,A
203,Finland,F,75,A
204,France,M,89,A
205,Italy,F,45,A
206,USA,F,56,A
207,Denmark,M,76,A
208,USA,F,19,A
209,France,M,79,A
210,USA,M,59,A
211,France,F,79,A
212,Germany,F,19,A
213,USA,F,52,A
214,USA,F,18,A
215,USA,M,60,A
216,India,M,45,A
217,USA,F,60,A
218,France,F,34,A
219,USA,M,36,A
220,Australia,M,71,A
221,Australia,M,64,A
222,Norway,M,37,A
223,India,M,41,A
224,India,M,64,A
225,Singapore,F,83,A
226,USA,M,31,A
227,USA,F,77,A
228,France,F,34,A
229,France,M,54,A
230,USA,M,79,A
231,USA,M,41,A
232,USA,F,45,A
233,Italy,F,30,A
234,Austria,M,37,A
235,USA,M,41,A
236,USA,F,80,A
237,France,F,57,A
238,Italy,M,41,A
239,India,F,77,A
240,USA,M,63,A
241,USA,F,22,A
242,USA,F,87,A
243,USA,M,18,A
244,Singapore,F,69,A
245,India,M,63,A
246,France,F,67,A
247,France,M,45,A
248,USA,F,47,A
249,USA,M,58,A
250,India,F,51,A
251,France,M,49,A
252,USA,F,89,A
253,France,F,67,A
254,France,F,88,A
255,Italy,M,62,A
256,Australia,M,72,A
257,USA,M,32,A
258,India,F,40,A
259,India,M,58,A
260,USA,F,88,A
261,France,M,21,A
262,Finland,M,78,A
263,USA,F,76,A
264,USA,M,46,A
265,Australia,M,66,A
266,USA,F,37,A
267,USA,F,31,A
268,India,M,47,A
269,USA,F,86,A
270,Australia,F,74,A
271,USA,M,68,A
272,France,M,43,A
273,USA,M,34,A
274,USA,M,44,A
275,Italy,F,42,A
276,India,F,59,A
277,USA,F,85,A
278,USA,F,26,A
279,India,M,80,A
280,USA,M,51,A
281,USA,M,75,A
282,USA,F,43,A
283,USA,M,18,A
284,USA,M,82,A
285,Australia,M,36,A
286,USA,M,79,A
287,Singapore,M,86,A
288,USA,M,38,A
289,France,M,82,A
290,Spain,F,71,A
291,India,F,44,A
292,India,M,66,A
293,India,F,76,A
294,France,F,30,A
295,India,F,44,A
296,Denmark,F,70,A
297,India,M,25,A
298,Spain,M,34,A
299,India,M,58,A
300,India,F,66,A
301,India,M,46,A
302,Germany,F,29,A
303,India,F,73,A
304,India,F,71,A
305,Australia,F,58,A
306,India,F,20,A
307,France,M,65,A
308,Spain,F,40,A
309,Austria,M,70,A
310,France,M,22,A
311,Australia,M,45,A
312,Italy,M,38,A
313,India,F,61,A
314,Spain,M,38,A
315,India,F,85,A
316,India,F,89,A
317,France,M,24,A
318,India,F,35,A
319,India,F,39,A
320,Germany,M,47,A
321,India,M,30,A
322,India,M,22,A
323,France,M,49,A
324,Australia,F,28,A
325,France,M,30,A
326,Ireland,M,54,A
327,India,F,32,A
328,India,M,44,A
329,Spain,F,55,A
330,India,F,43,A
331,Singapore,M,24,A
332,India,M,78,A
333,Germany,M,43,A
334,France,M,18,A
335,India,F,65,A
336,Spain,F,26,A
337,Singapore,M,58,A
338,India,F,51,A
339,France,F,25,A
340,France,M,68,A
341,Spain,F,44,A
342,India,F,65,A
343,India,F,88,A
344,Finland,F,84,A
345,India,F,31,A
346,Spain,F,27,A
347,Denmark,F,59,A
348,France,M,61,A
349,Denmark,F,55,A
350,Germany,F,39,A
351,Australia,F,87,A
352,France,M,72,A
353,France,F,66,A
354,India,M,29,A
355,France,F,49,A
356,India,M,41,A
357,Norway,F,70,A
358,Spain,M,50,A
359,France,F,37,A
360,India,M,32,A
361,Italy,M,87,A
362,India,M,68,A
363,India,F,48,A
364,Spain,M,18,A
365,France,M,46,A
366,India,F,79,A
367,India,M,23,A
368,Finland,F,58,A
369,France,F,39,A
370,Australia,F,35,A
371,Spain,M,68,A
372,India,M,60,A
373,India,F,89,A
374,Denmark,M,71,A
375,Australia,F,45,A
376,India,F,89,A
377,India,F,56,A
378,Switzerland,M,69,A
379,India,M,58,A
380,France,F,29,A
381,Italy,M,86,A
382,India,M,81,A
383,France,F,57,A
384,Australia,M,87,A
385,Australia,F,54,A
386,India,F,75,A
387,Australia,F,41,A
388,Norway,M,68,A
389,Australia,F,22,A
390,India,M,89,A
391,France,F,86,A
392,India,M,79,A
393,India,F,19,A
394,India,F,65,A
395,India,F,22,A
396,Spain,F,53,A
397,Spain,F,30,A
398,France,M,50,A
399,India,F,83,A
400,Australia,M,80,A
401,India,M,36,A
402,India,M,27,A
403,Finland,M,61,A
404,Germany,F,26,A
405,India,F,83,A
406,India,F,34,A
407,France,F,90,A
408,France,M,38,A
409,Spain,M,64,A
410,India,F,39,A
411,Singapore,M,31,A
412,India,F,41,A
413,Spain,M,47,A
414,India,M,86,A
415,India,M,60,A
416,India,F,64,A
417,France,M,53,A
418,Singapore,F,22,A
419,France,M,66,A
420,Spain,F,72,A
421,Italy,M,90,A
422,India,F,64,A
423,Singapore,F,27,A
424,Spain,M,66,A
425,India,M,51,A
426,Singapore,F,78,A
427,India,M,59,A
428,Australia,F,87,A
429,Germany,F,58,A
430,India,M,82,A
431,India,F,34,A
432,Spain,F,32,A
433,India,M,55,A
434,Norway,M,21,A
435,India,F,89,A
436,Spain,M,81,A
437,USA,F,22,A
438,USA,M,25,A
439,Spain,M,74,A
440,Germany,M,83,A
441,USA,M,77,A
442,USA,M,62,A
443,USA,F,18,A
444,Spain,F,23,A
445,USA,F,47,A
446,USA,M,67,A
447,USA,F,77,A
448,Australia,M,64,A
449,USA,M,53,A
450,Italy,F,53,A
451,Norway,M,74,A
452,Spain,M,75,A
453,France,M,52,A
454,USA,F,37,A
455,Germany,F,52,A
456,Australia,M,75,A
457,Denmark,F,54,A
458,Finland,M,60,A
459,Italy,F,30,A
460,Australia,F,58,A
461,Australia,M,77,A
462,USA,F,80,A
463,Germany,M,55,A
464,Italy,F,26,A
465,USA,M,49,A
466,Italy,F,32,A
467,France,M,62,A
468,Norway,M,64,A
469,France,F,90,A
470,USA,F,32,A
471,Finland,F,79,A
472,France,M,45,A
473,Ireland,F,19,A
474,Finland,M,74,A
475,USA,F,51,A
476,USA,F,80,A
477,Australia,M,31,A
478,Spain,F,38,A
479,Finland,M,81,A
480,Finland,M,46,A
481,Australia,F,49,A
482,France,M,82,A
483,France,F,27,A
484,USA,F,70,A
485,France,M,19,A
486,Austria,F,66,A
487,Australia,F,81,A
488,USA,F,19,A
489,USA,F,76,A
490,Spain,M,37,A
491,Australia,M,59,A
492,Spain,F,32,A
493,USA,F,82,A
494,France,M,19,A
495,USA,F,52,A
496,Australia,F,24,A
497,USA,M,88,A
498,Germany,F,32,A
499,Australia,M,89,A
500,USA,F,77,A
501,Spain,F,45,B
502,Spain,M,72,B
503,USA,F,58,B
504,Finland,M,48,B
505,Spain,F,63,B
506,USA,M,45,B
507,USA,M,35,B
508,Switzerland,F,65,B
509,France,M,24,B
510,USA,F,39,B
511,USA,M,60,B
512,Spain,F,74,B
513,USA,F,29,B
514,USA,F,89,B
515,Spain,F,37,B
516,France,M,51,B
517,Australia,F,77,B
518,Spain,M,53,B
519,France,M,70,B
520,Spain,M,81,B
521,India,M,66,B
522,USA,F,77,B
523,USA,M,26,B
524,Switzerland,F,63,B
525,India,F,20,B
526,USA,M,49,B
527,USA,F,19,B
528,USA,M,36,B
529,India,M,44,B
530,Australia,F,23,B
531,USA,F,43,B
532,USA,F,84,B
533,USA,F,55,B
534,India,M,90,B
535,Austria,M,45,B
536,Germany,F,69,B
537,Australia,F,58,B
538,India,M,32,B
539,India,F,24,B
540,Australia,M,27,B
541,USA,M,85,B
542,Australia,F,33,B
543,France,F,80,B
544,Singapore,M,39,B
545,USA,M,76,B
546,USA,M,57,B
547,USA,F,69,B
548,USA,M,48,B
549,USA,M,70,B
550,USA,M,31,B
551,Switzerland,M,20,B
552,India,F,67,B
553,Australia,M,34,B
554,India,F,29,B
555,USA,F,90,B
556,France,F,72,B
557,Germany,M,84,B
558,India,F,72,B
559,Denmark,F,70,B
560,Denmark,F,81,B
561,Finland,F,33,B
562,Singapore,F,75,B
563,France,F,80,B
564,USA,F,83,B
565,France,M,62,B
566,USA,M,74,B
567,Australia,M,37,B
568,France,F,82,B
569,USA,M,62,B
570,India,F,66,B
571,Finland,F,88,B
572,France,F,79,B
573,France,F,69,B
574,USA,F,41,B
575,India,F,85,B
576,USA,M,47,B
577,France,F,74,B
578,Australia,F,29,B
579,USA,F,62,B
580,USA,F,24,B
581,USA,M,53,B
582,India,M,20,B
583,Australia,M,88,B
584,USA,F,70,B
585,Italy,F,47,B
586,India,F,53,B
587,USA,M,51,B
588,Italy,F,42,B
589,USA,M,37,B
590,India,F,25,B
591,India,M,49,B
592,Ireland,F,66,B
593,USA,F,48,B
594,USA,F,58,B
595,USA,F,90,B
596,Finland,M,66,B
597,France,F,43,B
598,USA,F,76,B
599,Australia,F,32,B
600,USA,M,77,B
601,India,M,57,B
602,Austria,F,24,B
603,India,M,41,B
604,Austria,F,85,B
605,USA,M,58,B
606,USA,M,18,B
607,Singapore,F,41,B
608,Denmark,M,57,B
609,USA,M,87,B
610,France,F,62,B
611,India,M,31,B
612,USA,M,18,B
613,India,F,51,B
614,USA,M,36,B
615,France,F,53,B
616,France,M,40,B
617,USA,F,45,B
618,Finland,F,58,B
619,USA,F,38,B
620,Singapore,M,41,B
621,USA,F,50,B
622,India,M,71,B
623,India,F,80,B
624,Australia,M,43,B
625,India,M,54,B
626,USA,F,59,B
627,Finland,M,62,B
628,France,F,85,B
629,USA,M,82,B
630,India,F,86,B
631,India,F,53,B
632,USA,F,67,B
633,France,F,88,B
634,USA,M,62,B
635,USA,M,32,B
636,USA,M,57,B
637,USA,M,38,B
638,France,M,65,B
639,USA,F,59,B
640,France,F,51,B
641,USA,M,28,B
642,France,F,32,B
643,India,F,39,B
644,Singapore,M,61,B
645,Denmark,F,40,B
646,Singapore,F,69,B
647,Australia,M,76,B
648,Austria,F,34,B
649,USA,F,72,B
650,France,F,38,B
651,USA,F,61,B
652,USA,F,79,B
653,France,F,68,B
654,France,M,51,B
655,USA,M,22,B
656,USA,F,30,B
657,France,M,63,B
658,India,M,42,B
659,Australia,F,61,B
660,USA,M,23,B
661,USA,F,50,B
662,USA,F,23,B
663,India,M,26,B
664,USA,M,19,B
665,France,M,42,B
666,France,F,24,B
667,France,M,64,B
668,France,F,90,B
669,USA,M,33,B
670,Australia,F,57,B
671,India,M,59,B
672,USA,F,78,B
673,USA,M,78,B
674,USA,F,71,B
675,Italy,F,52,B
676,India,F,74,B
677,Austria,M,75,B
678,France,F,29,B
679,Singapore,M,34,B
680,USA,M,81,B
681,USA,M,62,B
682,USA,M,83,B
683,Australia,F,47,B
684,Finland,F,88,B
685,Australia,M,50,B
686,India,F,64,B
687,France,F,50,B
688,Denmark,F,89,B
689,France,F,41,B
690,Germany,M,37,B
691,Norway,F,33,B
692,USA,F,53,B
693,France,M,59,B
694,Finland,M,36,B
695,France,M,25,B
696,France,F,30,B
697,USA,F,63,B
698,Australia,M,61,B
699,USA,F,68,B
700,USA,F,53,B
701,India,M,72,B
702,Australia,F,75,B
703,USA,M,84,B
704,USA,F,76,B
705,USA,F,20,B
706,France,M,29,B
707,France,M,23,B
708,Denmark,M,39,B
709,France,F,58,B
710,USA,M,34,B
711,USA,M,56,B
712,USA,M,90,B
713,Finland,M,89,B
714,USA,M,25,B
715,USA,M,81,B
716,India,M,86,B
717,Australia,M,90,B
718,Norway,F,77,B
719,Norway,M,29,B
720,Italy,M,36,B
721,India,M,46,B
722,USA,F,27,B
723,Denmark,F,80,B
724,USA,M,30,B
725,USA,M,22,B
726,USA,M,73,B
727,France,M,64,B
728,India,F,64,B
729,Italy,M,66,B
730,Austria,F,61,B
731,France,M,78,B
732,India,F,86,B
733,USA,M,83,B
734,Italy,F,75,B
735,India,F,42,B
736,USA,M,50,B
737,India,M,42,B
738,France,M,25,B
739,India,F,51,B
740,India,M,64,B
741,USA,F,25,B
742,USA,F,63,B
743,USA,F,29,B
744,Finland,M,33,B
745,Australia,M,27,B
746,USA,F,75,B
747,Italy,F,64,B
748,USA,F,40,B
749,Singapore,F,82,B
750,Finland,M,40,B
751,India,M,82,B
752,Austria,M,42,B
753,USA,M,18,B
754,Italy,F,58,B
755,USA,M,54,B
756,Germany,F,42,B
757,USA,F,59,B
758,USA,F,22,B
759,USA,M,19,B
760,India,M,22,B
761,Denmark,M,42,B
762,Denmark,F,21,B
763,USA,M,86,B
764,France,F,28,B
765,Norway,F,46,B
766,USA,F,89,B
767,USA,M,30,B
768,USA,F,38,B
769,France,M,22,B
770,India,M,72,B
771,Denmark,M,82,B
772,France,F,37,B
773,USA,M,77,B
774,India,M,84,B
775,Singapore,M,68,B
776,Italy,M,38,B
777,USA,M,53,B
778,France,F,26,B
779,USA,M,41,B
780,India,M,43,B
781,Finland,F,66,B
782,USA,F,74,B
783,USA,F,42,B
784,USA,M,38,B
785,Ireland,M,44,B
786,Denmark,M,61,B
787,Austria,F,40,B
788,Australia,M,57,B
789,France,M,62,B
790,India,M,85,B
791,USA,M,72,B
792,USA,F,23,B
793,USA,F,87,B
794,Finland,M,58,B
795,Finland,M,83,B
796,Finland,F,27,B
797,USA,F,45,B
798,USA,M,52,B
799,USA,F,59,B
800,Ireland,M,87,B
801,France,M,77,B
802,France,F,89,B
803,Finland,M,43,B
804,Germany,F,56,B
805,Italy,M,18,B
806,Denmark,M,43,B
807,Finland,F,56,B
808,USA,F,41,B
809,USA,M,87,B
810,Italy,M,45,B
811,India,F,32,B
812,Finland,F,90,B
813,Singapore,M,51,B
814,USA,F,60,B
815,USA,M,65,B
816,India,M,46,B
817,USA,M,39,B
818,France,F,87,B
819,Ireland,F,75,B
820,Italy,M,29,B
821,Italy,F,53,B
822,USA,F,18,B
823,France,F,63,B
824,USA,F,35,B
825,Austria,M,90,B
826,Austria,M,25,B
827,Singapore,M,40,B
828,USA,F,48,B
829,USA,F,65,B
830,France,M,75,B
831,Italy,F,69,B
832,Finland,M,30,B
833,Switzerland,F,52,B
834,Finland,M,76,B
835,Australia,F,50,B
836,India,M,70,B
837,Australia,F,55,B
838,Italy,F,73,B
839,India,M,36,B
840,Finland,F,47,B
841,USA,F,42,B
842,France,M,41,B
843,USA,F,37,B
844,Italy,M,90,B
845,Austria,M,26,B
846,USA,M,80,B
847,India,M,76,B
848,USA,F,44,B
849,France,M,19,B
850,USA,F,52,B
851,Singapore,F,58,B
852,USA,M,84,B
853,USA,M,57,B
854,USA,F,61,B
855,Australia,M,43,B
856,USA,M,59,B
857,USA,F,34,B
858,USA,F,35,B
859,USA,M,34,B
860,Austria,M,84,B
861,USA,F,78,B
862,USA,F,68,B
863,Ireland,F,63,B
864,USA,F,78,B
865,USA,M,20,B
866,Singapore,F,66,B
867,USA,F,76,B
868,Switzerland,F,31,B
869,Austria,F,56,B
870,India,M,65,B
871,Italy,F,76,B
872,France,F,20,B
873,Finland,M,75,B
874,USA,F,40,B
875,USA,M,54,B
876,USA,M,76,B
877,India,M,78,B
878,India,F,45,B
879,USA,F,70,B
880,India,M,44,B
881,France,M,67,B
882,Singapore,M,20,B
883,USA,M,81,B
884,India,M,53,B
885,Germany,F,53,B
886,USA,M,72,B
887,USA,F,28,B
888,Denmark,M,71,B
889,Italy,F,30,B
890,USA,F,84,B
891,USA,M,45,B
892,USA,F,34,B
893,USA,M,53,B
894,Australia,F,37,B
895,Switzerland,M,38,B
896,Australia,F,79,B
897,USA,M,46,B
898,USA,M,64,B
899,USA,F,75,B
900,USA,M,54,B
901,USA,F,44,B
902,USA,F,82,B
903,USA,M,27,B
904,India,F,34,B
905,USA,F,25,B
906,France,M,79,B
907,Denmark,M,55,B
908,USA,F,75,B
909,India,M,71,B
910,USA,M,68,B
911,USA,F,27,B
912,USA,M,33,B
913,USA,F,28,B
914,USA,F,80,B
915,France,M,39,B
916,France,M,61,B
917,Norway,F,41,B
918,Australia,M,75,B
919,Denmark,M,27,B
920,USA,M,67,B
921,USA,F,52,B
922,Switzerland,F,31,B
923,USA,F,44,B
924,India,M,64,B
925,USA,F,34,B
926,USA,F,19,B
927,India,M,77,B
928,Austria,F,56,B
929,USA,M,18,B
930,Australia,M,21,B
931,USA,F,58,B
932,Switzerland,F,61,B
933,USA,F,24,B
934,USA,M,70,B
935,France,M,38,B
936,Singapore,M,34,B
937,Germany,F,21,B
938,Germany,F,42,B
939,USA,M,73,B
940,USA,M,79,B
941,USA,M,81,B
942,USA,F,72,B
943,USA,F,48,B
944,India,M,38,B
945,France,M,34,B
946,India,M,27,B
947,Australia,F,22,B
948,Finland,M,27,B
949,Norway,M,71,B
950,France,M,72,B
951,Germany,M,22,B
952,Austria,F,40,B
953,USA,F,67,B
954,India,M,35,B
955,India,M,85,B
956,France,M,27,B
957,Norway,F,24,B
958,USA,M,89,B
959,USA,F,72,B
960,USA,F,69,B
961,USA,F,82,B
962,USA,F,75,B
963,USA,F,67,B
964,France,F,53,B
965,Australia,F,50,B
966,USA,F,49,B
967,Australia,F,54,B
968,Denmark,F,44,B
969,USA,F,27,B
970,USA,M,72,B
971,France,M,22,B
972,France,F,35,B
973,USA,M,50,B
974,France,M,60,B
975,France,M,45,B
976,Singapore,F,48,B
977,India,M,31,B
978,USA,M,80,B
979,Australia,F,47,B
980,USA,F,31,B
981,USA,F,78,B
982,USA,F,35,B
983,USA,M,58,B
984,France,F,33,B
985,USA,M,69,B
986,Australia,F,44,B
987,USA,F,23,B
988,USA,M,62,B
989,India,F,32,B
990,Germany,M,37,B
991,USA,F,55,B
992,USA,M,51,B
993,Finland,F,86,B
994,USA,M,37,B
995,France,F,82,B
996,India,F,27,B
997,India,F,58,B
998,Norway,F,89,B
999,USA,M,74,B
1000,India,F,69,B
1001,USA,F,41,C
1002,India,M,86,C
1003,USA,F,64,C
1004,USA,M,55,C
1005,France,M,60,C
1006,Australia,F,18,C
1007,USA,F,62,C
1008,Singapore,F,27,C
1009,USA,F,44,C
1010,Spain,F,28,C
1011,France,M,20,C
1012,Spain,M,42,C
1013,India,F,54,C
1014,India,F,69,C
1015,Italy,F,50,C
1016,India,F,23,C
1017,India,M,38,C
1018,France,F,52,C
1019,Italy,F,64,C
1020,Australia,F,86,C
1021,Singapore,M,49,C
1022,India,F,60,C
1023,Germany,M,52,C
1024,Spain,F,80,C
1025,Australia,M,48,C
1026,Denmark,F,62,C
1027,Spain,M,45,C
1028,India,F,82,C
1029,Spain,F,45,C
1030,India,F,68,C
1031,Australia,M,40,C
1032,France,M,21,C
1033,India,F,56,C
1034,Italy,F,31,C
1035,India,M,56,C
1036,India,F,29,C
1037,India,F,21,C
1038,France,M,32,C
1039,Spain,F,66,C
1040,India,F,63,C
1041,Italy,M,30,C
1042,France,M,57,C
1043,India,F,42,C
1044,India,M,26,C
1045,Spain,F,19,C
1046,India,M,52,C
1047,Italy,F,20,C
1048,India,F,26,C
1049,Spain,M,83,C
1050,France,F,31,C
1051,Spain,M,36,C
1052,Germany,M,66,C
1053,India,F,67,C
1054,India,M,86,C
1055,India,M,21,C
1056,Spain,M,83,C
1057,Spain,M,71,C
1058,India,F,74,C
1059,India,F,75,C
1060,India,F,62,C
1061,Finland,F,61,C
1062,India,F,68,C
1063,India,F,82,C
1064,Austria,M,75,C
1065,Norway,F,25,C
1066,India,M,70,C
1067,India,F,60,C
1068,Spain,M,56,C
1069,Australia,M,80,C
1070,Singapore,F,60,C
1071,India,F,32,C
1072,India,F,78,C
1073,Spain,F,60,C
1074,Spain,F,48,C
1075,Denmark,M,55,C
1076,India,F,18,C
1077,India,M,24,C
1078,Australia,F,55,C
1079,India,F,29,C
1080,India,M,78,C
1081,Italy,F,77,C
1082,India,M,70,C
1083,Spain,F,25,C
1084,India,M,75,C
1085,Spain,M,78,C
1086,France,M,63,C
1087,India,F,32,C
1088,India,F,72,C
1089,France,M,28,C
1090,France,F,19,C
1091,France,F,26,C
1092,India,M,35,C
1093,India,F,34,C
1094,India,M,66,C
1095,India,M,58,C
1096,Spain,M,87,C
1097,India,F,81,C
1098,Singapore,M,31,C
1099,France,F,76,C
1100,Spain,F,30,C
1101,India,F,27,C
1102,India,M,66,C
1103,India,F,32,C
1104,Spain,F,21,C
1105,France,F,79,C
1106,Singapore,M,70,C
1107,India,F,40,C
1108,India,F,47,C
1109,India,F,86,C
1110,Denmark,F,43,C
1111,Switzerland,F,31,C
1112,Spain,F,30,C
1113,Singapore,F,39,C
1114,India,F,39,C
1115,Finland,M,22,C
1116,France,M,79,C
1117,Australia,F,63,C
1118,Australia,M,45,C
1119,Australia,M,89,C
1120,Denmark,F,53,C
1121,India,F,51,C
1122,Germany,M,33,C
1123,France,F,54,C
1124,Spain,M,36,C
1125,Singapore,M,18,C
1126,France,M,65,C
1127,Norway,F,83,C
1128,France,F,18,C
1129,India,M,67,C
1130,India,M,30,C
1131,Australia,F,38,C
1132,France,M,27,C
1133,India,F,59,C
1134,Italy,M,53,C
1135,India,M,74,C
1136,Singapore,F,89,C
1137,France,M,52,C
1138,Australia,F,83,C
1139,USA,F,84,C
1140,Finland,M,69,C
1141,France,M,60,C
1142,USA,F,59,C
1143,Italy,M,59,C
1144,USA,F,61,C
1145,USA,F,50,C
1146,USA,M,23,C
1147,France,M,53,C
1148,Finland,F,53,C
1149,USA,M,31,C
1150,USA,M,77,C
1151,Australia,F,76,C
1152,Spain,M,67,C
1153,Italy,F,39,C
1154,Spain,M,88,C
1155,Spain,M,58,C
1156,Norway,M,35,C
1157,Singapore,F,70,C
1158,Norway,M,59,C
1159,USA,F,58,C
1160,Australia,M,58,C
1161,Spain,F,36,C
1162,USA,F,87,C
1163,Denmark,F,72,C
1164,USA,M,63,C
1165,Spain,M,28,C
1166,USA,F,31,C
1167,USA,M,78,C
1168,USA,F,41,C
1169,France,M,26,C
1170,Germany,F,65,C
1171,France,M,53,C
1172,Australia,F,23,C
1173,USA,M,84,C
1174,USA,M,60,C
1175,Germany,F,87,C
1176,USA,F,89,C
1177,Denmark,F,90,C
1178,Australia,F,56,C
1179,Spain,F,49,C
1180,Spain,F,85,C
1181,Singapore,F,68,C
1182,USA,M,36,C
1183,France,M,66,C
1184,France,F,64,C
1185,Australia,F,34,C
1186,Singapore,M,89,C
1187,Australia,M,31,C
1188,USA,M,89,C
1189,France,F,69,C
1190,Norway,M,50,C
1191,Australia,M,48,C
1192,USA,F,87,C
1193,Italy,M,69,C
1194,Austria,M,64,C
1195,Spain,M,35,C
1196,USA,M,82,C
1197,Singapore,F,55,C
1198,USA,M,63,C
1199,Italy,M,38,C
1200,USA,F,31,C
1201,France,M,89,C
1202,France,F,25,C
1203,USA,M,64,C
1204,USA,F,89,C
1205,Spain,F,89,C
1206,USA,F,89,C
1207,Italy,F,44,C
1208,USA,M,73,C
1209,Finland,M,38,C
1210,Spain,M,88,C
1211,USA,F,41,C
1212,Singapore,F,43,C
1213,Spain,F,75,C
1214,France,M,29,C
1215,USA,M,33,C
1216,Australia,M,63,C
1217,USA,F,68,C
1218,USA,M,68,C
1219,USA,M,19,C
1220,USA,M,58,C
1221,Denmark,M,54,C
1222,Spain,F,58,C
1223,USA,M,63,C
1224,France,F,71,C
1225,Spain,M,84,C
1226,Norway,M,55,C
1227,USA,F,40,C
1228,USA,M,87,C
1229,Australia,F,67,C
1230,Spain,F,80,C
1231,Austria,M,83,C
1232,Spain,M,31,C
1233,Ireland,F,47,C
1234,USA,M,89,C
1235,Singapore,M,69,C
1236,USA,M,47,C
1237,USA,F,87,C
1238,USA,F,65,C
1239,Spain,F,86,C
1240,Germany,M,24,C
1241,Austria,F,34,C
1242,Spain,F,55,C
1243,Spain,M,24,C
1244,Spain,F,20,C
1245,Spain,F,62,C
1246,France,M,85,C
1247,USA,F,24,C
1248,USA,M,87,C
1249,USA,F,76,C
1250,USA,M,57,C
1251,USA,M,31,C
1252,USA,F,66,C
1253,USA,F,79,C
1254,France,M,71,C
1255,Spain,M,77,C
1256,Spain,M,29,C
1257,USA,M,69,C
1258,USA,M,87,C
1259,USA,M,45,C
1260,France,M,,C
1261,USA,M,49,C
1262,USA,M,41,C
1263,USA,F,78,C
1264,Italy,F,47,C
1265,USA,M,72,C
1266,USA,M,42,C
1267,Italy,M,62,C
1268,USA,M,48,C
1269,Switzerland,M,48,C
1270,USA,M,48,C
1271,France,F,43,C
1272,Australia,F,39,C
1273,Spain,F,18,C
1274,USA,F,78,C
1275,Singapore,F,88,C
1276,France,M,88,C
1277,Switzerland,F,73,C
1278,USA,F,69,C
1279,USA,F,52,C
1280,USA,M,69,C
1281,Spain,F,61,C
1282,France,M,35,C
1283,USA,M,30,C
1284,Spain,M,73,C
1285,Spain,F,56,C
1286,USA,M,61,C
1287,USA,M,55,C
1288,USA,M,39,C
1289,USA,F,30,C
1290,USA,M,31,C
1291,USA,F,72,C
1292,USA,F,38,C
1293,USA,M,38,C
1294,France,F,54,C
1295,Finland,F,86,C
1296,Spain,M,20,C
1297,USA,F,86,C
1298,Australia,M,31,C
1299,USA,M,44,C
1300,Germany,M,74,C
1301,Spain,M,84,C
1302,France,F,28,C
1303,Spain,M,81,C
1304,Italy,F,18,C
1305,France,M,58,C
1306,USA,M,65,C
1307,France,F,78,C
1308,Spain,F,56,C
1309,USA,F,88,C
1310,Spain,M,70,C
1311,USA,M,20,C
1312,USA,F,59,C
1313,USA,M,61,C
1314,USA,F,86,C
1315,USA,F,76,C
1316,Australia,F,70,C
1317,France,M,54,C
1318,USA,M,24,C
1319,USA,F,19,C
1320,Germany,M,71,C
1321,Italy,F,83,C
1322,USA,F,49,C
1323,Switzerland,F,81,C
1324,USA,M,67,C
1325,Spain,F,29,C
1326,France,M,84,C
1327,France,M,34,C
1328,USA,M,38,C
1329,USA,M,62,C
1330,Australia,M,59,C
1331,USA,F,84,C
1332,Finland,M,49,C
1333,USA,M,31,C
1334,USA,F,30,C
1335,USA,F,70,C
1336,USA,M,89,C
1337,Spain,F,54,C
1338,Italy,M,37,C
1339,France,M,34,C
1340,Italy,F,40,C
1341,France,F,56,C
1342,USA,M,24,C
1343,USA,F,32,C
1344,Spain,M,40,C
1345,USA,M,58,C
1346,USA,M,81,C
1347,France,M,55,C
1348,USA,M,87,C
1349,Australia,M,66,C
1350,Spain,M,51,C
1351,Spain,F,42,C
1352,USA,F,20,C
1353,USA,M,27,C
1354,Singapore,M,68,C
1355,Spain,M,83,C
1356,Spain,M,26,C
1357,Ireland,M,43,C
1358,Australia,F,60,C
1359,USA,M,78,C
1360,Spain,F,40,C
1361,Spain,F,50,C
1362,Finland,M,40,C
1363,France,F,81,C
1364,France,M,82,C
1365,USA,F,53,C
1366,USA,M,44,C
1367,Italy,F,25,C
1368,USA,M,54,C
1369,USA,F,87,C
1370,Ireland,M,89,C
1371,USA,M,29,C
1372,France,M,28,C
1373,Australia,F,43,C
1374,France,M,80,C
1375,USA,M,59,C
1376,USA,F,74,C
1377,Germany,M,33,C
1378,Spain,M,31,C
1379,USA,M,62,C
1380,USA,F,68,C
1381,USA,M,28,C
1382,Spain,M,69,C
1383,France,M,50,C
1384,USA,F,39,C
1385,USA,M,32,C
1386,Austria,M,18,C
1387,USA,M,90,C
1388,Singapore,F,65,C
1389,USA,F,29,C
1390,Italy,F,27,C
1391,USA,M,61,C
1392,Ireland,F,81,C
1393,Italy,F,76,C
1394,USA,F,58,C
1395,USA,F,63,C
1396,USA,M,90,C
1397,Spain,M,22,C
1398,Denmark,F,44,C
1399,Australia,F,24,C
1400,USA,F,34,C
1401,Finland,M,53,C
1402,USA,M,80,C
1403,USA,M,81,C
1404,USA,F,59,C
1405,USA,F,65,C
1406,Australia,M,18,C
1407,USA,F,37,C
1408,USA,F,68,C
1409,USA,F,63,C
1410,USA,M,55,C
1411,Spain,F,52,C
1412,Italy,F,33,C
1413,Spain,M,26,C
1414,USA,F,28,C
1415,France,F,71,C
1416,USA,F,84,C
1417,France,F,73,C
1418,USA,M,24,C
1419,USA,F,50,C
1420,USA,M,28,C
1421,Spain,M,21,C
1422,USA,M,61,C
1423,USA,M,78,C
1424,Spain,M,39,C
1425,Australia,F,79,C
1426,USA,F,37,C
1427,Italy,F,18,C
1428,France,F,57,C
1429,Austria,F,47,C
1430,USA,F,82,C
1431,USA,M,63,C
1432,USA,F,30,C
1433,Australia,F,28,C
1434,USA,F,65,C
1435,France,F,45,C
1436,Spain,M,40,C
1437,USA,M,80,C
1438,Singapore,M,35,C
1439,Spain,M,40,C
1440,Spain,F,60,C
1441,Australia,M,65,C
1442,USA,M,82,C
1443,USA,F,43,C
1444,Spain,M,65,C
1445,USA,M,51,C
1446,Germany,F,52,C
1447,Singapore,F,20,C
1448,Denmark,M,84,C
1449,USA,F,82,C
1450,France,M,27,C
1451,USA,F,51,C
1452,France,F,22,C
1453,Singapore,M,24,C
1454,Spain,F,71,C
1455,USA,F,87,C
1456,Spain,F,35,C
1457,Australia,M,49,C
1458,France,M,67,C
1459,France,M,59,C
1460,Italy,M,63,C
1461,USA,M,77,C
1462,USA,M,65,C
1463,Australia,F,31,C
1464,France,F,73,C
1465,France,M,71,C
1466,Ireland,F,39,C
1467,USA,F,18,C
1468,USA,F,71,C
1469,Italy,F,38,C
1470,USA,F,34,C
1471,Italy,F,69,C
1472,USA,F,83,C
1473,USA,F,40,C
1474,USA,M,25,C
1475,Spain,F,25,C
1476,Italy,M,23,C
1477,Spain,F,73,C
1478,Austria,M,43,C
1479,USA,F,87,C
1480,Finland,M,43,C
1481,USA,M,53,C
1482,France,M,24,C
1483,USA,M,82,C
1484,USA,F,84,C
1485,Spain,F,38,C
1486,USA,F,30,C
1487,Italy,M,76,C
1488,USA,M,35,C
1489,Spain,F,46,C
1490,Spain,F,30,C
1491,USA,F,67,C
1492,USA,F,78,C
1493,Denmark,F,25,C
1494,Spain,M,35,C
1495,Denmark,M,34,C
1496,USA,F,74,C
1497,Spain,F,,C
1498,Germany,F,75,C
1499,USA,F,48,C
1500,USA,M,19,C
1501,USA,M,51,D
1502,Spain,F,33,D
1503,Norway,F,79,D
1504,France,F,33,D
1505,USA,M,48,D
1506,USA,M,18,D
1507,USA,F,78,D
1508,USA,M,73,D
1509,USA,M,31,D
1510,Norway,M,23,D
1511,USA,M,19,D
1512,Denmark,F,28,D
1513,USA,F,76,D
1514,France,M,42,D
1515,USA,M,54,D
1516,Norway,F,25,D
1517,France,F,48,D
1518,USA,F,66,D
1519,Spain,M,20,D
1520,USA,F,28,D
1521,USA,F,88,D
1522,USA,M,81,D
1523,Spain,M,50,D
1524,France,F,75,D
1525,Italy,F,87,D
1526,USA,F,50,D
1527,Italy,F,73,D
1528,USA,F,58,D
1529,Finland,M,27,D
1530,Austria,F,79,D
1531,Singapore,F,41,D
1532,Spain,M,43,D
1533,Finland,M,49,D
1534,USA,F,18,D
1535,France,M,41,D
1536,USA,F,50,D
1537,USA,F,83,D
1538,USA,F,21,D
1539,USA,F,73,D
1540,Australia,M,58,D
1541,France,M,50,D
1542,France,M,65,D
1543,USA,M,68,D
1544,USA,M,77,D
1545,Norway,F,30,D
1546,Austria,F,33,D
1547,France,M,37,D
1548,France,M,46,D
1549,USA,F,70,D
1550,USA,M,67,D
1551,USA,M,21,D
1552,Italy,F,37,D
1553,France,M,81,D
1554,Germany,F,52,D
1555,USA,F,28,D
1556,Australia,F,76,D
1557,USA,M,28,D
1558,Finland,F,83,D
1559,Spain,F,68,D
1560,Singapore,M,36,D
1561,Switzerland,F,28,D
1562,Spain,M,20,D
1563,Norway,F,65,D
1564,Singapore,M,89,D
1565,Finland,M,64,D
1566,USA,M,64,D
1567,USA,M,25,D
1568,Spain,F,47,D
1569,Spain,F,20,D
1570,USA,M,46,D
1571,USA,F,71,D
1572,USA,F,47,D
1573,Italy,F,72,D
1574,Austria,F,36,D
1575,USA,M,84,D
1576,USA,M,70,D
1577,France,M,55,D
1578,Italy,M,24,D
1579,France,F,74,D
1580,Australia,M,85,D
1581,USA,M,79,D
1582,France,M,69,D
1583,Singapore,F,73,D
1584,USA,F,30,D
1585,France,F,51,D
1586,France,F,42,D
1587,USA,M,41,D
1588,France,M,74,D
1589,USA,F,20,D
1590,Singapore,M,69,D
1591,USA,M,61,D
1592,Australia,M,67,D
1593,France,F,34,D
1594,Australia,M,27,D
1595,USA,F,67,D
1596,USA,F,44,D
1597,Denmark,F,44,D
1598,Switzerland,F,29,D
1599,USA,M,81,D
1600,Spain,F,87,D
1601,France,F,22,D
1602,USA,M,53,D
1603,USA,M,73,D
1604,Spain,F,76,D
1605,Spain,F,45,D
1606,France,M,23,D
1607,Australia,M,65,D
1608,USA,M,43,D
1609,USA,F,64,D
1610,Australia,F,72,D
1611,France,M,37,D
1612,Spain,M,75,D
1613,USA,M,71,D
1614,USA,M,37,D
1615,Spain,M,64,D
1616,USA,F,38,D
1617,Austria,M,50,D
1618,USA,M,50,D
1619,USA,M,56,D
1620,USA,F,61,D
1621,Australia,M,21,D
1622,France,F,87,D
1623,Spain,M,46,D
1624,USA,M,32,D
1625,Germany,F,61,D
1626,USA,F,31,D
1627,Australia,F,61,D
1628,USA,F,79,D
1629,USA,F,73,D
1630,France,F,21,D
1631,USA,F,80,D
1632,Spain,F,27,D
1633,Australia,M,64,D
1634,Spain,M,34,D
1635,USA,M,41,D
1636,Austria,F,20,D
1637,Germany,F,55,D
1638,France,M,86,D
1639,Australia,M,57,D
1640,Spain,F,22,D
1641,Germany,M,85,D
1642,Italy,M,28,D
1643,Australia,F,29,D
1644,Australia,F,25,D
1645,Australia,M,86,D
1646,Spain,F,51,D
1647,USA,F,22,D
1648,Germany,M,78,D
1649,USA,M,27,D
1650,Spain,M,42,D
1651,Australia,M,53,D
1652,USA,F,83,D
1653,France,M,30,D
1654,USA,F,56,D
1655,USA,F,72,D
1656,USA,F,24,D
1657,Germany,F,21,D
1658,USA,F,41,D
1659,Spain,M,59,D
1660,Australia,M,38,D
1661,France,F,33,D
1662,Australia,F,25,D
1663,Austria,F,60,D
1664,USA,M,27,D
1665,Switzerland,F,19,D
1666,Spain,F,21,D
1667,France,F,73,D
1668,USA,F,68,D
1669,Australia,M,28,D
1670,USA,F,80,D
1671,USA,M,56,D
1672,Austria,M,84,D
1673,Spain,M,30,D
1674,France,M,88,D
1675,USA,F,57,D
1676,Austria,M,25,D
1677,Italy,F,51,D
1678,USA,F,25,D
1679,Australia,F,59,D
1680,USA,M,41,D
1681,Spain,F,38,D
1682,France,M,72,D
1683,Denmark,M,37,D
1684,USA,M,81,D
1685,USA,F,74,D
1686,France,M,53,D
1687,Australia,M,38,D
1688,Australia,F,49,D
1689,Australia,M,50,D
1690,Australia,F,57,D
1691,USA,M,43,D
1692,USA,F,78,D
1693,France,F,63,D
1694,Ireland,M,83,D
1695,Spain,F,37,D
1696,USA,M,68,D
1697,France,F,65,D
1698,France,F,34,D
1699,Australia,F,21,D
1700,USA,M,37,D
1701,USA,F,41,D
1702,Italy,M,26,D
1703,France,F,85,D
1704,USA,M,67,D
1705,France,F,30,D
1706,USA,F,47,D
1707,France,F,85,D
1708,France,M,87,D
1709,USA,M,26,D
1710,Spain,F,84,D
1711,USA,F,39,D
1712,Germany,F,82,D
1713,France,M,87,D
1714,Spain,M,33,D
1715,USA,M,41,D
1716,USA,F,18,D
1717,Australia,M,33,D
1718,USA,M,26,D
1719,Italy,F,23,D
1720,USA,M,85,D
1721,Germany,F,22,D
1722,USA,M,46,D
1723,Spain,M,82,D
1724,Australia,M,76,D
1725,USA,M,81,D
1726,Spain,F,36,D
1727,USA,M,75,D
1728,France,F,27,D
1729,Australia,M,72,D
1730,France,F,73,D
1731,Spain,M,65,D
1732,USA,M,90,D
1733,Italy,M,32,D
1734,USA,M,62,D
1735,Finland,M,76,D
1736,USA,M,23,D
1737,Singapore,M,60,D
1738,France,M,27,D
1739,Spain,F,44,D
1740,USA,F,25,D
1741,USA,F,71,D
1742,USA,F,49,D
1743,USA,F,30,D
1744,USA,F,36,D
1745,USA,F,54,D
1746,Italy,M,66,D
1747,USA,F,61,D
1748,France,M,44,D
1749,Austria,M,30,D
1750,Finland,F,85,D
1751,USA,M,78,D
1752,Australia,F,50,D
1753,USA,F,68,D
1754,USA,F,63,D
1755,Spain,M,66,D
1756,USA,F,54,D
1757,Spain,M,20,D
1758,USA,F,81,D
1759,Spain,F,22,D
1760,France,F,19,D
1761,Spain,F,30,D
1762,USA,M,29,D
1763,USA,F,84,D
1764,Finland,F,37,D
1765,USA,F,18,D
1766,Spain,M,42,D
1767,France,F,52,D
1768,USA,F,81,D
1769,Spain,M,27,D
1770,Austria,M,88,D
1771,Italy,M,80,D
1772,USA,M,42,D
1773,USA,F,22,D
1774,USA,M,46,D
1775,USA,F,42,D
1776,USA,F,77,D
1777,USA,F,58,D
1778,USA,M,20,D
1779,USA,F,88,D
1780,Singapore,F,49,D
1781,Denmark,F,29,D
1782,Spain,M,50,D
1783,USA,M,27,D
1784,USA,M,57,D
1785,Singapore,F,42,D
1786,Singapore,F,78,D
1787,France,F,48,D
1788,France,F,82,D
1789,Germany,F,35,D
1790,USA,M,85,D
1791,USA,M,33,D
1792,Denmark,M,59,D
1793,France,F,66,D
1794,Australia,M,41,D
1795,France,M,53,D
1796,Denmark,F,86,D
1797,USA,M,45,D
1798,USA,M,31,D
1799,France,F,75,D
1800,Australia,M,63,D
1801,Spain,F,53,D
1802,France,F,61,D
1803,Spain,F,,D
1804,Australia,F,81,D
1805,France,F,39,D
1806,USA,M,35,D
1807,Australia,F,77,D
1808,Italy,F,28,D
1809,USA,F,57,D
1810,USA,M,86,D
1811,USA,F,79,D
1812,Spain,M,49,D
1813,USA,M,21,D
1814,USA,M,86,D
1815,Austria,M,43,D
1816,Spain,M,75,D
1817,USA,M,21,D
1818,USA,M,20,D
1819,USA,M,82,D
1820,USA,M,71,D
1821,USA,F,32,D
1822,USA,M,56,D
1823,Spain,M,18,D
1824,USA,F,35,D
1825,Australia,F,22,D
1826,Italy,M,21,D
1827,USA,M,61,D
1828,Finland,F,51,D
1829,Australia,M,82,D
1830,Australia,F,44,D
1831,USA,M,48,D
1832,USA,F,82,D
1833,Singapore,F,29,D
1834,Australia,M,60,D
1835,Finland,M,43,D
1836,France,M,36,D
1837,Switzerland,F,87,D
1838,USA,F,48,D
1839,Germany,F,33,D
1840,USA,M,83,D
1841,Singapore,M,82,D
1842,Singapore,M,61,D
1843,USA,F,20,D
1844,Singapore,F,88,D
1845,Finland,F,83,D
1846,Australia,M,41,D
1847,France,M,33,D
1848,USA,M,63,D
1849,Denmark,M,35,D
1850,Germany,M,60,D
1851,Spain,F,76,D
1852,Italy,M,87,D
1853,France,M,65,D
1854,USA,F,87,D
1855,Denmark,F,44,D
1856,USA,F,78,D
1857,France,F,75,D
1858,USA,F,59,D
1859,Spain,F,64,D
1860,Spain,F,61,D
1861,USA,M,84,D
1862,Australia,F,70,D
1863,Spain,F,21,D
1864,Australia,F,83,D
1865,France,M,90,D
1866,Spain,M,53,D
1867,USA,M,57,D
1868,France,M,49,D
1869,Singapore,F,60,D
1870,USA,F,39,D
1871,Italy,F,49,D
1872,France,F,34,D
1873,Australia,F,20,D
1874,USA,M,51,D
1875,France,F,62,D
1876,Norway,M,27,D
1877,Spain,M,22,D
1878,Spain,M,24,D
1879,USA,M,76,D
1880,Spain,F,73,D
1881,France,F,83,D
1882,USA,M,18,D
1883,USA,M,20,D
1884,USA,F,31,D
1885,Austria,F,27,D
1886,Australia,F,28,D
1887,Spain,M,89,D
1888,Australia,M,71,D
1889,Singapore,M,42,D
1890,USA,M,87,D
1891,Singapore,M,54,D
1892,USA,M,64,D
1893,Australia,M,47,D
1894,Spain,M,69,D
1895,France,M,,D
1896,France,F,22,D
1897,USA,F,28,D
1898,Australia,M,74,D
1899,USA,F,63,D
1900,Singapore,F,28,D
1901,USA,F,34,D
1902,Austria,F,46,D
1903,Australia,M,71,D
1904,Denmark,M,70,D
1905,Spain,M,48,D
1906,Switzerland,F,81,D
1907,Australia,F,83,D
1908,USA,M,20,D
1909,Denmark,M,40,D
1910,France,M,51,D
1911,Australia,F,78,D
1912,Australia,F,90,D
1913,Italy,F,51,D
1914,Australia,M,34,D
1915,USA,M,74,D
1916,Switzerland,M,34,D
1917,USA,F,63,D
1918,France,M,,D
1919,France,M,86,D
1920,USA,M,43,D
1921,USA,F,62,D
1922,Spain,F,59,D
1923,Italy,M,29,D
1924,Italy,F,48,D
1925,USA,M,65,D
1926,Spain,F,24,D
1927,Spain,F,52,D
1928,Australia,M,62,D
1929,France,F,69,D
1930,USA,F,40,D
1931,USA,F,76,D
1932,Norway,F,72,D
1933,Spain,M,62,D
1934,Spain,M,25,D
1935,Spain,F,77,D
1936,Australia,F,78,D
1937,Austria,F,27,D
1938,USA,M,70,D
1939,USA,M,44,D
1940,Spain,M,46,D
1941,Spain,F,86,D
1942,USA,F,30,D
1943,USA,F,72,D
1944,Spain,M,82,D
1945,USA,M,62,D
1946,USA,M,75,D
1947,Spain,F,33,D
1948,USA,F,79,D
1949,Austria,M,57,D
1950,Singapore,F,87,D
1951,Denmark,M,28,D
1952,USA,M,49,D
1953,USA,M,19,D
1954,Finland,F,55,D
1955,Spain,F,68,D
1956,Austria,M,41,D
1957,USA,F,42,D
1958,Ireland,F,23,D
1959,Germany,M,28,D
1960,Ireland,F,33,D
1961,Germany,M,87,D
1962,USA,M,23,D
1963,Australia,F,25,D
1964,Spain,F,32,D
1965,France,M,84,D
1966,Italy,M,82,D
1967,Spain,M,89,D
1968,USA,F,20,D
1969,Spain,M,41,D
1970,France,M,79,D
1971,Spain,F,44,D
1972,USA,M,37,D
1973,USA,M,64,D
1974,USA,F,74,D
1975,USA,M,40,D
1976,Spain,F,73,D
1977,USA,F,79,D
1978,Spain,F,23,D
1979,Finland,F,21,D
1980,Switzerland,M,57,D
1981,USA,M,26,D
1982,Italy,F,74,D
1983,Spain,F,35,D
1984,Australia,M,45,D
1985,France,M,49,D
1986,France,M,21,D
1987,France,M,48,D
1988,USA,M,66,D
1989,USA,M,89,D
1990,USA,F,89,D
1991,USA,F,49,D
1992,Denmark,F,66,D
1993,USA,M,61,D
1994,Singapore,M,43,D
1995,USA,M,45,D
1996,USA,M,83,D
1997,Spain,F,79,D
1998,Australia,M,82,D
1999,Italy,M,72,D
2000,USA,F,39,D
2001,Spain,F,59,E
2002,USA,F,53,E
2003,USA,M,23,E
2004,USA,F,40,E
2005,Spain,M,38,E
2006,USA,M,21,E
2007,Italy,M,58,E
2008,Australia,M,67,E
2009,USA,F,42,E
2010,France,M,50,E
2011,USA,M,18,E
2012,USA,M,42,E
2013,USA,M,39,E
2014,France,F,41,E
2015,France,M,55,E
2016,Spain,F,71,E
2017,USA,M,76,E
2018,Spain,M,44,E
2019,USA,M,57,E
2020,France,M,58,E
2021,Spain,F,26,E
2022,USA,F,52,E
2023,USA,M,73,E
2024,Spain,F,78,E
2025,USA,F,21,E
2026,France,F,58,E
2027,Spain,F,89,E
2028,USA,F,39,E
2029,USA,M,48,E
2030,Austria,M,72,E
2031,Spain,F,54,E
2032,Singapore,F,83,E
2033,USA,M,21,E
2034,USA,F,39,E
2035,France,F,42,E
2036,USA,M,83,E
2037,Italy,F,22,E
2038,Finland,M,56,E
2039,Denmark,F,55,E
2040,Germany,M,38,E
2041,Australia,M,70,E
2042,Austria,F,57,E
2043,Spain,M,51,E
2044,USA,F,39,E
2045,Spain,M,56,E
2046,France,F,43,E
2047,USA,F,87,E
2048,USA,M,63,E
2049,USA,M,67,E
2050,Finland,F,34,E
2051,Switzerland,F,90,E
2052,Italy,M,65,E
2053,USA,M,38,E
2054,Spain,F,28,E
2055,USA,F,33,E
2056,USA,M,79,E
2057,France,M,41,E
2058,USA,M,30,E
2059,Denmark,M,27,E
2060,France,F,42,E
2061,USA,M,78,E
2062,Australia,M,52,E
2063,Australia,M,23,E
2064,Finland,M,47,E
2065,Australia,F,58,E
2066,Spain,M,69,E
2067,Finland,F,70,E
2068,USA,M,70,E
2069,Switzerland,F,61,E
2070,Spain,M,41,E
2071,Spain,M,46,E
2072,USA,M,80,E
2073,Austria,F,30,E
2074,USA,F,86,E
2075,USA,M,81,E
2076,USA,F,55,E
2077,Spain,F,61,E
2078,Austria,M,63,E
2079,USA,M,55,E
2080,USA,M,73,E
2081,Singapore,F,82,E
2082,Germany,M,70,E
2083,USA,M,22,E
2084,USA,F,75,E
2085,France,F,23,E
2086,USA,F,48,E
2087,USA,F,49,E
2088,USA,M,56,E
2089,USA,M,28,E
2090,USA,F,74,E
2091,USA,M,66,E
2092,USA,M,90,E
2093,France,F,41,E
2094,Australia,F,24,E
2095,USA,F,29,E
2096,USA,M,36,E
2097,France,M,30,E
2098,Italy,M,35,E
2099,Singapore,F,76,E
2100,France,M,82,E
2101,Italy,M,57,E
2102,USA,F,57,E
2103,USA,M,87,E
2104,USA,M,59,E
2105,Denmark,M,33,E
2106,Italy,M,36,E
2107,Spain,M,56,E
2108,USA,M,37,E
2109,USA,M,62,E
2110,France,M,84,E
2111,France,F,42,E
2112,USA,M,70,E
2113,USA,F,32,E
2114,France,M,62,E
2115,USA,F,45,E
2116,Switzerland,F,84,E
2117,USA,F,21,E
2118,USA,M,68,E
2119,USA,F,68,E
2120,USA,F,26,E
2121,Norway,M,29,E
2122,France,M,84,E
2123,Italy,F,54,E
2124,France,F,83,E
2125,USA,F,69,E
2126,USA,F,76,E
2127,USA,F,37,E
2128,France,F,56,E
2129,Germany,F,67,E
2130,Germany,F,20,E
2131,France,F,89,E
2132,Spain,F,55,E
2133,Austria,M,69,E
2134,Singapore,F,69,E
2135,France,M,61,E
2136,USA,M,83,E
2137,Italy,M,62,E
2138,USA,M,87,E
2139,Australia,F,24,E
2140,USA,M,53,E
2141,USA,M,53,E
2142,France,M,37,E
2143,USA,F,59,E
2144,Spain,M,59,E
2145,USA,F,60,E
2146,USA,F,28,E
2147,Singapore,M,52,E
2148,USA,F,44,E
2149,France,F,72,E
2150,USA,F,18,E
2151,Switzerland,M,41,E
2152,USA,F,77,E
2153,Spain,M,87,E
2154,Spain,M,38,E
2155,France,M,62,E
2156,USA,F,74,E
2157,USA,M,58,E
2158,USA,M,57,E
2159,Australia,F,58,E
2160,Spain,F,58,E
2161,Spain,F,20,E
2162,USA,M,42,E
2163,Austria,M,68,E
2164,France,M,47,E
2165,Australia,M,23,E
2166,Finland,F,18,E
2167,USA,F,55,E
2168,Ireland,M,73,E
2169,USA,M,44,E
2170,USA,F,46,E
2171,France,M,57,E
2172,Australia,M,64,E
2173,USA,M,49,E
2174,USA,F,38,E
2175,USA,M,41,E
2176,USA,M,36,E
2177,Spain,F,68,E
2178,France,M,73,E
2179,Germany,M,69,E
2180,USA,F,28,E
2181,USA,F,26,E
2182,USA,F,64,E
2183,USA,F,53,E
2184,Italy,M,28,E
2185,Australia,M,45,E
2186,USA,M,39,E
2187,France,M,83,E
2188,Spain,M,39,E
2189,USA,M,62,E
2190,France,F,70,E
2191,Switzerland,M,26,E
2192,USA,M,28,E
2193,USA,M,24,E
2194,USA,F,81,E
2195,USA,F,49,E
2196,Spain,F,79,E
2197,France,M,85,E
2198,Spain,F,30,E
2199,Germany,M,50,E
2200,France,F,52,E
2201,Finland,F,80,E
2202,Singapore,M,40,E
2203,France,M,43,E
2204,USA,F,67,E
2205,Spain,F,67,E
2206,Italy,F,37,E
2207,Spain,F,57,E
2208,USA,F,61,E
2209,Denmark,F,86,E
2210,Australia,M,67,E
2211,Italy,M,53,E
2212,France,M,80,E
2213,Australia,F,79,E
2214,USA,M,32,E
2215,Spain,M,73,E
2216,USA,F,36,E
2217,Spain,F,18,E
2218,USA,M,37,E
2219,Austria,M,19,E
2220,Australia,F,,E
2221,Australia,F,69,E
2222,USA,F,23,E
2223,USA,M,85,E
2224,USA,M,82,E
2225,USA,F,89,E
2226,France,F,66,E
2227,USA,F,70,E
2228,Italy,F,46,E
2229,Denmark,F,38,E
2230,Australia,F,65,E
2231,France,M,76,E
2232,USA,M,57,E
2233,Germany,F,52,E
2234,Switzerland,M,47,E
2235,Spain,M,65,E
2236,USA,F,80,E
2237,Spain,F,65,E
2238,Singapore,M,43,E
2239,USA,F,36,E
2240,France,F,83,E
2241,Spain,M,67,E
2242,France,F,77,E
2243,Spain,M,79,E
2244,USA,F,51,E
2245,Spain,M,61,E
2246,Australia,M,76,E
2247,Denmark,F,71,E
2248,USA,F,68,E
2249,Germany,M,35,E
2250,USA,M,79,E
2251,France,M,75,E
2252,Austria,M,21,E
2253,USA,M,26,E
2254,USA,F,38,E
2255,Italy,F,45,E
2256,USA,M,43,E
2257,USA,F,59,E
2258,Singapore,M,77,E
2259,Australia,F,41,E
2260,USA,M,60,E
2261,USA,M,90,E
2262,USA,F,27,E
2263,Spain,F,48,E
2264,USA,F,31,E
2265,France,F,65,E
2266,France,M,90,E
2267,Australia,M,20,E
2268,Austria,M,60,E
2269,USA,F,48,E
2270,France,M,64,E
2271,USA,F,57,E
2272,Spain,F,40,E
2273,Switzerland,M,52,E
2274,USA,M,64,E
2275,USA,F,74,E
2276,Spain,F,18,E
2277,Spain,M,65,E
2278,Australia,M,78,E
2279,Singapore,M,33,E
2280,USA,M,53,E
2281,USA,F,31,E
2282,USA,F,22,E
2283,USA,F,24,E
2284,France,M,61,E
2285,Switzerland,M,90,E
2286,France,M,75,E
2287,Italy,M,72,E
2288,USA,M,40,E
2289,France,F,44,E
2290,Norway,F,88,E
2291,Australia,F,84,E
2292,USA,F,66,E
2293,Singapore,F,70,E
2294,France,M,32,E
2295,USA,F,33,E
2296,France,F,28,E
2297,Singapore,M,50,E
2298,USA,F,40,E
2299,USA,F,58,E
2300,USA,M,61,E
2301,Denmark,F,38,E
2302,Spain,M,70,E
2303,Austria,F,55,E
2304,USA,F,86,E
2305,USA,M,18,E
2306,Spain,M,44,E
2307,USA,M,66,E
2308,Norway,F,32,E
2309,Italy,F,25,E
2310,France,F,38,E
2311,Spain,M,36,E
2312,USA,M,56,E
2313,Austria,F,31,E
2314,USA,F,18,E
2315,USA,F,60,E
2316,France,M,33,E
2317,USA,M,86,E
2318,France,F,59,E
2319,France,M,72,E
2320,Austria,M,88,E
2321,Germany,F,39,E
2322,USA,F,54,E
2323,Italy,F,58,E
2324,France,M,29,E
2325,Australia,M,36,E
2326,Italy,M,38,E
2327,USA,M,53,E
2328,USA,M,18,E
2329,France,M,39,E
2330,USA,F,23,E
2331,USA,M,73,E
2332,Spain,M,62,E
2333,France,M,34,E
2334,France,M,77,E
2335,Finland,F,65,E
2336,Finland,F,43,E
2337,Spain,M,85,E
2338,USA,F,90,E
2339,Spain,F,32,E
2340,USA,F,35,E
2341,Austria,M,48,E
2342,France,F,46,E
2343,Spain,F,33,E
2344,USA,F,55,E
2345,Singapore,M,59,E
2346,Italy,M,29,E
2347,France,F,61,E
2348,Spain,F,88,E
2349,Australia,M,37,E
2350,Spain,F,82,E
2351,USA,M,43,E
2352,USA,F,35,E
2353,USA,M,27,E
2354,USA,F,36,E
2355,USA,F,24,E
2356,France,F,68,E
2357,Spain,M,89,E
2358,Spain,M,31,E
2359,USA,M,37,E
2360,Germany,M,50,E
2361,Spain,F,86,E
2362,Spain,F,87,E
2363,Italy,F,87,E
2364,Italy,F,63,E
2365,Denmark,M,33,E
2366,Singapore,M,90,E
2367,USA,F,68,E
2368,Switzerland,F,81,E
2369,Italy,F,90,E
2370,USA,M,26,E
2371,Austria,F,88,E
2372,USA,M,58,E
2373,Finland,M,61,E
2374,USA,F,77,E
2375,France,F,72,E
2376,USA,F,30,E
2377,Spain,F,78,E
2378,Australia,M,72,E
2379,USA,M,78,E
2380,Australia,F,33,E
2381,USA,F,59,E
2382,France,M,53,E
2383,USA,F,37,E
2384,USA,M,36,E
2385,USA,M,53,E
2386,Spain,F,41,E
2387,Spain,F,30,E
2388,USA,F,61,E
2389,USA,M,69,E
2390,France,F,82,E
2391,USA,F,19,E
2392,Australia,M,42,E
2393,Italy,M,43,E
2394,Spain,F,74,E
2395,USA,F,35,E
2396,USA,F,19,E
2397,USA,F,77,E
2398,France,F,46,E
2399,USA,M,32,E
2400,USA,M,64,E
2401,USA,M,34,E
2402,France,M,61,E
2403,Singapore,F,87,E
2404,Australia,M,39,E
2405,USA,F,63,E
2406,USA,M,76,E
2407,USA,M,78,E
2408,USA,F,27,E
2409,Australia,F,30,E
2410,France,M,89,E
2411,Austria,M,88,E
2412,USA,M,19,E
2413,Singapore,M,31,E
2414,Spain,F,34,E
2415,Norway,F,54,E
2416,Spain,F,26,E
2417,USA,M,52,E
2418,USA,M,65,E
2419,Italy,M,83,E
2420,France,M,65,E
2421,Italy,F,78,E
2422,USA,M,31,E
2423,Australia,F,88,E
2424,USA,F,73,E
2425,Australia,M,76,E
2426,USA,M,57,E
2427,Spain,F,30,E
2428,France,F,74,E
2429,USA,M,38,E
2430,USA,F,76,E
2431,France,F,46,E
2432,Germany,M,70,E
2433,Spain,F,58,E
2434,Australia,M,29,E
2435,Spain,F,82,E
2436,USA,M,42,E
2437,Denmark,M,65,E
2438,Spain,M,25,E
2439,USA,M,84,E
2440,Italy,M,61,E
2441,USA,F,68,E
2442,USA,M,70,E
2443,Spain,M,23,E
2444,Spain,F,89,E
2445,USA,M,46,E
2446,France,M,47,E
2447,Switzerland,F,25,E
2448,Spain,F,55,E
2449,Spain,M,57,E
2450,Spain,M,21,E
2451,USA,F,89,E
2452,Singapore,F,48,E
2453,USA,M,37,E
2454,Spain,M,21,E
2455,USA,M,68,E
2456,France,M,77,E
2457,USA,M,50,E
2458,USA,M,72,E
2459,USA,M,72,E
2460,Norway,F,67,E
2461,USA,M,40,E
2462,USA,M,50,E
2463,USA,M,58,E
2464,France,F,57,E
2465,Australia,F,38,E
2466,USA,F,39,E
2467,France,M,37,E
2468,USA,F,64,E
2469,Australia,F,41,E
2470,USA,F,49,E
2471,USA,M,57,E
2472,Italy,F,44,E
2473,Denmark,M,42,E
2474,Germany,M,63,E
2475,USA,F,78,E
2476,Spain,F,86,E
2477,USA,M,69,E
2478,Australia,M,83,E
2479,USA,F,89,E
2480,Denmark,M,47,E
2481,Spain,M,56,E
2482,Germany,M,61,E
2483,Finland,F,90,E
2484,USA,M,55,E
2485,Australia,F,64,E
2486,Denmark,F,60,E
2487,USA,F,89,E
2488,Australia,F,67,E
2489,USA,M,68,E
2490,USA,F,31,E
2491,Finland,M,69,E
2492,France,M,82,E
2493,USA,F,65,E
2494,Austria,M,29,E
2495,Australia,M,,E
2496,France,F,89,E
2497,Spain,M,74,E
2498,Australia,M,35,E
2499,USA,F,86,E
2500,Denmark,F,46,E